{
    "urls": [
        {
            "name": "🦄南风",
            "url": "https://wget.la/https://raw.githubusercontent.com/yoursmile66/TVBox/main/XC.json"
        },
        {
            "url": "http://肥猫.com",
            "name": "🦄肥猫"
        }, 
        {
            "url": "http://www.饭太硬.com/tv",
            "name": "🦄饭太硬"
        }, 
        {
            "name": "🦄小盒子",
            "url": "http://xhztv.top/xhz"
        },
        {
            "url": "https://tv.xn--yhqu5zs87a.top",
            "name": "🦄菜妮丝"
        },
        {
            "name": "🦄老虎",
            "url": "http://tv.laohu.cool/tvbox.json"
        },
        {
            "name": "🦄欧歌",
            "url": "https://xn--tkh-mf3g9f.v.nxog.top/m/111.php?ou=公众号欧歌app&mz=index&jar=index&123&b=欧歌tkh"
        }, 
        {
            "name": "🦄巧技",
            "url":"http://cdn.qiaoji8.com/tvbox.json"
        },
        {
            "name": "🦄青龙",
            "url": "https://gitee.com/yiwu369/6758/raw/master/1.json"
        },
        {
            "name": "🦄星辰",
            "url": "https://fmbox.cc"
        }, 
        {
            "name": "🦄驸马",
            "url": "http://fmys.top/fmys.json"
        },
        {
            "name": "🦄老刘",
            "url": "https://wget.la/https://raw.githubusercontent.com/liu673cn/box/main/m.json"
        },
        {
            "name": "🦄胜寒",
            "url": "https://wget.la/https://raw.githubusercontent.com/hanhan8127/TVBox/main/hanXC.json"
        },
        {
            "url": "https://7337.kstore.space/twvip/%E8%87%AA%E7%94%A8%E6%B5%8B%E8%AF%95.json",
            "name": "🦄天微"
        },
        {
             "url": "https://www.lianyingtv.com/fast/fast",
             "name": "🦄恋影"
        },
        {
            "name": "🦄香雅情",
            "url": "https://wget.la/https://raw.githubusercontent.com/xyq254245/xyqonlinerule/main/XYQTVBox.json"
        },         
        {
            "name": "🦄世纪",
            "url": "https://pandown.pro/tvbox/tvbox.json"
        },
        {
            "name": "🦄流云",
            "url":"https://wget.la/https://raw.githubusercontent.com/gaotianliuyun/gao/master/js.json"
        },  
        { 
           "url": "https://jihulab.com/ymz1231/xymz/-/raw/main/ymshaoer", 
           "name": "少儿频道" 
        },
        {
           "url": "http://74.120.175.78/JK/XYQTVBox/dj.json",
           "name": "短剧大全"
        },
        {
            "name": "==这是底线==",
            "url": "https://wget.la/https://raw.githubusercontent.com/bizhangjie/CatVodSpider/main/json/index18.json"
        }
    ]
}